point_id,x1,x2,y
0,0.02738373506287295,0.5450779210754924,1.6498345361023616
1,-0.1505166352908145,0.5897060755833838,-0.07770710785772297
2,0.616848949617177,0.38383640723185897,1.483797484390097
3,0.5719795352085124,0.8695226694570786,2.507854525425492
4,-0.05100927948989997,-0.09407852991772492,-1.6321002899505879
5,0.5260683541538291,-0.2464374005655281,1.8217306339363328
6,-0.448252829504878,0.571772369585182,-1.8914763904790322
7,-0.6314973794573577,-0.7375571826751239,-1.1731809539888087
8,0.22970793736077866,-0.4882943261511761,-0.3411190100567162
9,-0.30798605954919833,0.8429778556622682,-1.2321311775955512
10,0.35365957725480146,-0.440257728308038,1.6010880031892358
11,-0.3771897901322814,0.5770488249275658,-1.8462151453290523
12,-0.5989335973932421,0.6291934570643811,-0.8077523198571217
13,-0.8902648752717592,0.2888383352374533,0.8514023509541345
14,-0.4221350871485552,-0.6415426852985813,-1.355556282156722
15,-0.513376266474338,0.8029815746374755,-1.4606930616519254
16,-0.08566501338941701,0.1252766196035151,-0.3289971120169921
17,0.9664810222294564,0.34954434195326356,3.2153440307819197
18,0.07888303614389591,0.4911221041383309,0.18442767854038322
19,0.8324058444797267,-0.5298533299462389,1.1222401771625345
20,-0.9990763339298836,-0.11293225339839519,-0.4045508107772197
21,0.7779090164884248,0.8973478012325047,3.284020004372077
22,-0.20469181763211486,-0.36666272584904314,0.07643850760376525
23,0.8486803825072415,-0.7204039263044488,-0.5048278115417641
24,0.26326303822858055,-0.7351210220615354,-0.1972722413445796
25,-0.04059838274643912,-0.83767067508094,-1.0561714793349357
26,0.2388486990005887,-0.8445932246345202,0.13554801580511847
27,0.20298043017252287,0.5149256568649458,2.167211659794778
28,-0.9800325238083938,0.934267587683755,-2.948711906907779
29,-0.7197231807369877,-0.041864254101143805,-3.49765711270593
30,0.5930413926024325,0.6171577954345058,3.0597966524610714
31,-0.2131908058152947,0.3417929879769839,0.18500240211469454
32,0.5763409923676874,0.5379711910539329,0.13540196673215
33,-0.18598716513946845,0.40002738676333904,-0.8195172031819599
34,0.8471009336511968,-0.4378268898091715,1.2364576739454325
35,-0.1528663979384015,0.22416646710026011,0.35992802439924865
36,0.09247783894909034,-0.9823132444626363,0.8855518562111233
37,-0.5069540866663955,-0.42447636123485766,-3.166216521929173
38,0.8779211148925925,-0.5168759135025665,0.31811486199038774
39,-0.6232775460088629,-0.674434985137911,-2.5083647486860965
40,0.10633951897893179,-0.9362355863852971,-0.7653711033500428
41,-0.585708586175723,-0.7214763057597118,-3.2970122682521135
42,0.6570654347810714,0.025467687992897448,-0.6953658594018701
43,0.07248347571540381,0.4725638683691926,0.5609070076774495
44,-0.370964770700388,-0.4012823292149197,-1.1093779653755078
45,0.23685803230990166,-0.7063450660774979,-0.12956131396343118
46,-0.7102249313466207,0.21366918741766394,0.24926206461016198
47,-0.826657619613743,-0.6063011743966802,-0.04933456828755978
48,0.408156775599551,0.37001816070556726,2.200855408057553
49,0.8268029722965593,-0.04910021092402839,1.7825394014580804
50,0.5477099949919417,-0.39246800701698636,2.1779926523895083
51,0.3886886442799904,-0.14221416835375922,3.112593161233416
52,-0.4784209696648445,-0.4198990224087098,-1.8046118759961773
53,-0.7930036631897464,-0.10525966906683393,-0.25872143067920716
54,-0.45294003138447914,-0.6859667280103836,-0.27780785400358465
55,0.6789868746358907,0.645642282620273,2.086432428634207
56,0.9088923619279852,-0.6408951506657736,-0.9627547351410937
57,0.10071321563470503,-0.13692184663990048,0.13922753931925605
58,-0.5072818163309156,0.04031813836550335,-2.703131973742922
59,0.6396200620211783,-0.709368328584737,0.28043774970552393
60,0.31015754667117745,-0.6033322090622903,-0.0698517560984202
61,0.12886967545862693,-0.4752818757500279,0.06423229962496922
62,0.08178681170612201,-0.54633067409138,-0.7555702145033151
63,0.5936746067671705,0.7322982899375705,1.8589581704387212
64,-0.3238761241759891,-0.2624944421089186,-1.2460306714278035
65,0.6665298567172708,-0.2678539138243843,2.347549518358828
66,-0.2109324034182709,0.2669122064676015,-2.465456324503959
67,0.37188029637991904,0.8473651025746396,1.6105436715343637
68,-0.5090522186749042,-0.3846907157885535,-1.337693487883676
69,0.15825040364987042,0.6058781293378623,1.3972414522741976
70,0.6090089527740592,-0.9676083322081395,-1.1119349449564322
71,0.7325459441225846,-0.8928716235137357,-1.6348446685541278
72,-0.2516899775675392,0.6581681597128757,0.8433843035944945
73,-0.5039162160687001,-0.0173896756877574,-1.218174345948861
74,0.8160868048451035,0.3080692344043108,0.5279817489607487
75,0.39886892728946277,0.7304062735379544,3.0756371912844536
76,-0.3243405221804583,0.6380546633187529,-0.5455910962178019
77,0.5541698576608922,0.44454971537470755,3.3392864784683196
78,0.016336119323730136,-0.3749015790520107,0.6230399685378314
79,0.6574903150223956,0.06904529762154188,1.9550977638862819
80,0.531119118747942,0.4175121250275404,-0.017938902474727625
81,-0.005848990934616882,0.5187384785789801,-1.6835126841261812
82,-0.2697243778235314,0.912996660737164,-0.5259702746308332
83,-0.2765771397245331,0.377440767667625,-2.48849817973085
84,-0.3296909949626601,-0.9121204667667366,-2.606566088618061
85,-0.5541859638856135,-0.9434619638062809,-1.552772006727267
86,0.056353493664997645,0.6000933437491613,0.18676187703926383
87,0.8989832606617769,0.15450396749212025,0.3912505636289636
88,-0.36927369821017364,-0.3622519437526748,-2.463316675084817
89,-0.8910104739930189,0.6193495849587416,1.477297681694254
90,0.8224413249219777,-0.27444485974089416,2.589220653882832
91,-0.86257809385118,-0.5992116143118538,-1.0589928810306373
92,0.1288586394734319,0.39236490754620323,2.0415560711198646
93,-0.40438997868588245,-0.9039132346965963,-2.17747426946455
94,-0.846520298117543,0.4987377930715535,0.8926822199556534
95,-0.22529863674928685,-0.29138344419906637,-1.6748078180784556
96,-0.4898501575561238,-0.017425043841802657,-3.4949955905706975
97,-0.43551901792491776,-0.3243014239730435,-0.5807203259651128
98,0.6794133247482455,-0.3514721510368677,1.1160013930739232
99,-0.7182312437723226,0.050319404266785606,-1.700310104054221
100,-0.4941111439983856,0.47131335892331117,-3.4011641031912943
101,-0.4520597783818645,-0.6959693361630492,-1.4018514667232924
102,0.19595927506302635,0.017095666058603465,0.3506960880998625
103,0.030167820544106716,-0.08289878241238302,-0.9736806895939718
104,-0.48549503418333995,-0.9091339831775411,-2.585204885043932
105,0.20496491047643395,0.7797251243771022,2.111505026995949
106,-0.8256905260386425,-0.4568524329511723,-2.1378566600229685
107,-0.11492721601727629,0.20289387168424367,-0.9742051298608834
108,-0.050572865036452086,-0.7189682638396613,0.625760715836632
109,-0.7277458116724806,-0.18592565926162008,-0.675986738315742
110,0.15236816253039875,0.9543659588545861,1.589057655545144
111,-0.27071511789435565,0.05203176470287163,-2.5044044551799938
112,-0.9360888209263958,0.6047015604270936,0.0565423357034639
113,0.3152125964095467,0.1051128173455047,1.3543903619278057
114,-0.23934625733217985,0.6403704281838178,-0.6083106536627348
115,-0.8067276932481056,0.9960293026867952,-1.8869154592199495
116,-0.37883167077906577,-0.5101801673003565,-3.011705188834173
117,0.3524023916948693,0.8687091076911608,1.1400127858449172
118,-0.00967051713808198,0.9603479762957285,0.531046258324115
119,-0.6414275743865383,0.3922797076305873,-0.29139914962506286
120,-0.34124084333867133,-0.7097765457756287,-1.9940652988650707
121,0.8066852960645814,-0.3621306389480776,0.6701733082423486
122,0.4848356301378445,-0.8764862952645058,0.5562394354985537
123,0.3563461041987359,0.8232891241650959,2.072864814144205
124,0.6453428880254024,0.08066650846201151,0.7653263596402515
125,-0.28922457446479344,-0.3578848047773011,-2.091516047094851
126,-0.5430446501533077,0.6545899980590466,-1.0003434386501704
127,0.5951695251992637,-0.12832418263967704,3.1335775364435503
128,0.8710310258176639,0.5422364185416295,1.25341225859302
129,0.42364889145871665,-0.030541064614329594,-0.5811888171714916
130,0.27850882656971865,-0.37755836924956054,2.7179977431278664
131,0.484962940209676,0.024809467180981537,2.5751425053516557
132,0.736104598919016,-0.5571534945727834,-1.292911663833652
133,-0.7117945500761396,-0.45345586626752166,-1.4127990483987456
134,0.6559216813815287,0.5161247061773246,2.19595520115781
135,-0.3143995454199622,-0.2893696167883477,-0.20633964447291997
136,0.7421659790466526,0.3348065843667525,0.10972196373728127
137,0.5391320331718694,-0.1628621144018998,0.2105839997021901
138,-0.2909886520632303,-0.198624469033011,-1.3486715787928425
139,-0.7025663581170001,0.969571108514264,0.3766644019906946
140,0.5246894512972571,-0.6211439660644793,1.6655119868048498
141,0.2101564906932003,-0.043914505984565144,3.0938692185791723
142,0.2101113501367342,-0.8756823406134839,-1.7510597416929907
143,-0.039017598452967484,-0.755561982489291,-1.6904024762975587
144,0.8990076698515386,0.7989199650253485,-0.32568020898211847
145,-0.09563797430775733,-0.6156898831868813,-0.23530689455937281
146,0.8401444932214732,-0.020787817021704402,0.8139635929466602
147,0.05229216069558085,0.1832733382790659,0.023026888924469524
148,0.3499373508995691,0.9208079224015147,2.2263168201453194
149,-0.005491924459138486,0.0659104179937331,1.0602631285683943
150,0.7126586605160043,-0.19006825823765316,0.5972705511743379
151,0.09785289003642239,0.9968512681001576,2.0640500077337576
152,-0.9469605745473133,-0.9650252020035679,-2.1666865572116425
153,0.22888123156854268,0.4977027358994712,1.2693747889489708
154,-0.5968599872657052,0.8477470890496785,-2.3634528147762994
155,0.9539973163089828,-0.7292252534583972,-1.692330005833107
156,0.4516338022670605,-0.5747597764698211,-0.12217031235145437
157,0.42658825979460957,0.4031868870709827,0.7917282435207749
158,0.733287500516447,-0.8161403710666291,0.1893365841693142
159,-0.34468141752424497,0.4106740294410287,0.752956990782744
160,0.7470555085241459,0.42537815042311045,0.7406449543386762
161,-0.5791458465583132,0.9669551441097426,-1.2370375810541867
162,-0.7088692208975229,0.6564198197862925,-4.602926120433337
163,-0.9599230628822093,0.24948494589269066,1.4326287449164907
164,-0.7286773964069007,0.8529286375934142,-0.8018509712240541
165,0.5491779085902018,-0.2792940504844976,-1.127042874740618
166,0.978570526902437,-0.05437537759324962,-1.550616907148223
167,0.24025996808157513,-0.004953263910450589,1.2806525896515886
168,0.8858546713797291,0.06851065379954568,1.0695963923941378
169,-0.30725056408622886,0.5232780845505682,0.9019076695345217
170,-0.9314252536476637,0.5013469108665598,0.40275710602622594
171,0.984068977002202,-0.6751859145231043,2.579317230877801
172,0.7311084803278096,-0.6193937338883033,0.2364814555778081
173,0.956529942706811,0.614802146747564,0.8660045293432964
174,-0.19672181868331395,-0.3925886184423071,-0.5212161858143983
175,-0.3614924322675237,0.5787611867552953,-0.5966298849511061
176,-0.2542080660661328,-0.830862964486633,-2.1748616376949075
177,0.9829966676760344,-0.886952065085876,-0.31414479929790784
178,-0.7717171723570655,-0.7331800649267741,-1.3128759376370038
179,0.9919660416274596,0.16178004691501657,-1.0342498520610155
180,-0.7014099073851481,-0.8390259785457514,-2.3423734885189473
181,0.22706937367049496,-0.08003390165745627,1.3173797246140366
182,0.7525096114980077,0.19267592030333414,1.2335286318643564
183,-0.14164261374075715,-0.3762179794742331,-1.2061761154590112
184,0.041257207290204434,-0.8530856118716024,-1.2152986544737074
185,-0.43981761271678343,-0.027632733429143297,-3.039600375494584
186,0.8546710004014406,0.22998930219667013,1.625849561492439
187,-0.30368042508087734,-0.44692427108696897,0.8990236165061227
188,0.28574107169379603,-0.9455729516305214,-0.5897856290527801
189,0.7665822511615932,-0.10307423498095969,-0.6988379970845575
190,0.7743069470513833,-0.6312875327892471,-0.6068943501909024
191,0.1520054974212055,-0.4629370144322562,-0.04652129414125855
192,0.6844227228157587,0.9336026598026812,1.233152084058046
193,0.32731091561474,0.43283973655110164,1.6450068510563745
194,-0.7746158006149968,0.7792705302662262,-2.3388899812589155
195,-0.05171329694656057,0.31011289499502115,-0.07581422113553815
196,-0.5700780906072562,0.5000069559780631,-0.6316963434023793
197,0.03996872711307775,0.4458761783199263,0.10635658458603275
198,-0.19582443998601495,0.2869191352650009,1.385524984689897
199,-0.055395938583187254,0.2709349952504827,-0.4735450482913949
200,-0.7571389564896969,0.09421593524016125,-1.8101031683777231
201,-0.08817042083371018,0.03389326688417871,-0.5262913278398553
202,0.013315163047462164,0.875677039432083,0.37165434581938855
203,-0.05245896384781501,0.9434681891384662,-1.1604309099821726
204,0.5563380487340384,0.6081835486603844,2.839543868950051
205,-0.022863829192823593,0.09103097677733074,1.9442176511156521
206,-0.7871561081453604,-0.7113425236038644,0.9358210085957672
207,0.3773511846868409,-0.4753469418930176,-0.47047152086711075
208,-0.2188312787354354,0.5586451513418296,-2.613770489981591
209,0.6433416170941213,-0.40415369018815506,-0.05318431368720933
210,-0.15614097500905566,0.47710969140697634,-1.2433268412786536
211,0.10833996210852281,-0.9983577631092915,0.9297444344949659
212,0.9137305046254036,-0.9869774281678632,-1.571432908196952
213,-0.23980172720552706,0.009274405884201142,-1.772632663507563
214,0.6693920775726996,-0.5694143676499477,0.025273079446770708
215,0.7275422160749372,0.4862655859040419,2.3141537786257302
216,-0.0445126564174958,0.31732369833173646,0.5244311169432306
217,0.9182641680001264,-0.46529929291097116,0.8071003389306799
218,0.7103089847998472,0.4458054485793683,1.2338134447609523
219,-0.398941954399306,0.27316859740518873,-0.12074453770608473
220,0.5262216194289484,0.11555882892110181,-0.7460743899450373
221,-0.6020203328708924,-0.2694336848225811,-0.9756584016460947
222,0.8139172378886406,-0.9908413632230084,0.43807770908090204
223,-0.748297457379506,0.42071876130378727,-0.5134646486989449
224,0.11187366782040509,-0.7090663846872765,-1.0317629067915113
225,0.9741951449376609,0.661565890779698,2.201493475441319
226,0.4290838100167378,0.9419109415034859,2.2768502262206476
227,0.4824591455215448,-0.6017627222449344,2.262329693465892
228,0.3428674807860883,0.814932494455678,0.7784039255319579
229,0.8586957630909284,0.7753269062409374,0.372686428734883
230,-0.08916183336859462,-0.1812474242592097,-0.15755876305070943
231,-0.6073891894136396,0.8188804560464686,1.4327772215262653
232,0.5022985727880811,-0.6336699670445434,0.032551022131767526
233,0.6009686034916966,0.43833432200559064,2.1644649016187527
234,0.8154624209998613,0.7739818985530436,0.8651506926561522
235,-0.5934430664395447,0.7840661384899654,-2.163638460234588
236,-0.218706630292949,0.7042522628856491,-0.37187515550226835
237,-0.48970225542658774,0.8235741195248152,-1.0596046520722904
238,0.1525203688539647,-0.4714881523109089,-0.3195033230557428
239,-0.8575614134987002,-0.22717397134641515,0.6509598407126665
240,0.032883508277047335,0.38727032084804813,1.651945527170727
241,0.18389930197338344,-0.12643825337547998,1.4561693757294694
242,-0.49962220326967266,-0.39053465281717914,-2.325761237232057
243,-0.8692063911388939,0.07737446771827505,-0.5613865932105268
244,0.9605043980475967,-0.5516680751383012,-1.9417504073554261
245,-0.13508747750347827,0.5619404697516266,-0.5428420742092289
246,0.8438062639737398,0.92441950589272,3.3918484181544217
247,-0.6648191096881839,-0.0010364056026643809,-1.2881410614861815
248,-0.9765411534787907,0.9107337566266727,1.3481821666495946
249,0.17405931346870185,-0.2842349478196067,2.4971443101118727
250,0.7140149847625554,0.7036473505193623,0.8941115727672129
251,-0.8509108824325213,0.13584901540303096,0.6097503215071496
252,-0.0029678432890360984,0.40484258918790794,0.2082632228906156
253,0.4913825605066473,-0.8257968602005861,-0.5921674633251737
254,0.17555123184726296,0.9422934808005188,1.6921257050007574
255,0.7853337240055784,0.40930900262934244,1.6646775747277034
256,-0.7648056751464638,-0.9983374530020415,-0.46634677503189126
257,-0.5812103601188765,-0.20586526890147305,-2.576311495602795
258,0.019658480213328833,-0.7997771793882937,-0.6673953895567952
259,-0.5052669204864009,-0.07741547990494047,-0.9275001693769039
260,0.4132235205891661,-0.10973946547359081,1.269774144182013
261,0.5604789749553181,-0.514052949790567,-0.019501453487606457
262,0.8669066677787105,0.10558350179281417,1.1697610028143826
263,-0.0633757203911276,0.485729825003578,0.8179591320080861
264,0.048632080036360215,-0.2937459380466867,0.7156758591810041
265,-0.7908932468877994,0.20769502956837482,-0.5955823560673692
266,-0.03218410206181743,-0.6437676705422946,-1.695915958485177
267,0.19438875534455802,0.16009671509814427,0.7906292403475548
268,0.5076863159940683,0.3926525906311953,1.9644136192900907
269,-0.43096290576468244,-0.009273866944028875,-1.457668687147535
270,0.23213129710296343,-0.732338679357009,-1.1360483178165466
271,-0.627291097655204,-0.9640259271876457,-1.8095668524429396
272,0.08059457347876076,0.7801192763123264,0.47784665062260334
273,0.559406311891609,0.48780700113745823,2.7662676189883535
274,-0.7610749021888412,0.5409774884616836,0.21424810624858137
275,-0.8718741335975564,-0.619636152137671,0.3105171354063361
276,0.5858811917602171,0.8250139403838808,2.3988762153794205
277,-0.5578492894027034,-0.6048172164494356,-1.22038156786917
278,-0.4461390165955137,-0.5753589544789803,-1.938104055591856
279,0.8470883274843994,0.9787251686436083,2.628542022698499
280,-0.3725261751508755,0.8653641091051347,-2.152514275108067
281,-0.09727818237284414,0.8275415663220966,0.3460504643036839
282,-0.4512283534784838,-0.44193043705876245,-0.5697409867281651
283,-0.10672725015550366,0.36587204482366276,0.8335550243985959
284,0.6427327763919173,0.8960048698063872,4.367407857101262
285,0.008372067542769646,0.30967234602493643,-0.10478389591553816
286,-0.779515338275087,-0.41061495839796036,-0.8002785789440011
287,0.18737677751708137,-0.0342762301963182,1.2533183631803115
288,-0.7541995665243715,-0.6017883171407814,-0.24791763755227492
289,0.9680145133118563,-0.923547148356989,-1.1522023058877016
290,-0.5764641508665731,-0.7432223651023007,-2.4028158915806155
291,0.7751196383842649,0.035952496269176626,0.7583401522942582
292,0.8210125316934216,0.5288310171980413,1.8440535105662776
293,-0.8463636796711669,-0.025790627381807152,0.24782602825640376
294,-0.6580372543526878,0.19128650713076967,-2.5502908450059203
295,0.8746349305393577,0.3161184572910942,0.5741408714329683
296,0.14333970267382345,-0.35694780236684376,0.06069332271416489
297,-0.17772924076853447,0.939512044537006,0.42796490045856406
298,-0.9058431238894797,0.31081204256755557,-0.6964083495400256
299,0.8593518290921034,0.004572526712494085,0.0799599456272817
300,-0.9445244473731342,-0.9480088163832212,-0.37756813647020543
301,0.35337399461128904,-0.4808493258233453,-0.06881248721693767
302,0.2573468431206509,0.34595304391020365,1.4250994629351565
303,0.9422756617072274,-0.5696304800780794,-0.9357049023875234
304,-0.29951750617967554,0.4146621710411802,-2.3366744472920047
305,0.044861097286108764,0.4104986969122064,0.43976850891836533
306,0.9880335734125132,0.06704572329019931,0.8184886087966264
307,-0.5418749684648076,0.3067073137473211,1.0262024950472162
308,0.9080182974578439,0.20738692639680312,1.8539579738724492
309,0.4772041340230928,0.8191901968682396,2.3360847674465277
310,-0.9243628592320983,-0.4239091109866593,-1.0098392759163577
311,0.8255541048181334,-0.7937511843970988,-1.0749592353254602
312,-0.4025236881366465,-0.5948954499592927,-2.357001899403257
313,-0.10994171813301956,0.6088572984302543,-0.5187121360687067
314,0.9140150631283563,-0.18245858872426823,-0.5290686405744439
315,-0.452892801645121,0.641842950732191,-0.19330404850782767
316,0.8467885724036113,-0.6182277343533267,0.10232400963734317
317,-0.18425367443123752,0.9543710688531557,-1.7762329295657644
318,0.37822957280975933,0.0642779190899001,1.9796392504728324
319,0.5449372193975821,-0.8452834434535004,0.41136641524764783
320,0.4314092018590163,-0.33335125859150017,-0.5690246484057027
321,0.13706791491889825,-0.6047440254543401,-0.4193065062760814
322,-0.8354355810605718,-0.6635535356459448,-0.42102993895133045
323,-0.6748621895916951,0.6595512242850841,-1.228367523513538
324,0.948758905988907,0.5619972024340798,1.4803730270944155
325,-0.9262961321885546,-0.7768819282917818,-0.9324177352256477
326,0.6716286435901746,-0.22424939247893527,-1.307381572828477
327,-0.7135226879909167,-0.13364131965036252,0.21346777078613788
328,-0.07239099359458079,-0.6173451846974161,-2.059596328798013
329,-0.9667545772509012,-0.41397352689156897,-0.03818229166242729
330,-0.07243922816231785,0.7698493370890387,0.28247586941696323
331,-0.9924219405069279,-0.8333949490008639,0.061663196124479194
332,-0.9229052511490521,0.7374563680172594,0.3918003968013431
333,-0.2625527150648559,0.1039379632785904,-0.4016529853383858
334,0.7657602857838464,-0.4293163142155847,0.43579206825173544
335,-0.8077569685344168,-0.9214313567115875,-0.44469078668178263
336,0.8953713475730793,-0.8409085624638564,-0.8994755106863326
337,0.9814411268077865,0.9828486815785444,1.2266944980527092
338,-0.5691139406453019,0.8798215212880314,-1.2281798064754599
339,0.5401357079917042,0.17421388819621142,0.9805480879477372
340,0.5726295754983177,-0.345707841588762,1.4865058914037783
341,0.2636598384874449,0.29809234188059897,1.3409553633911724
342,0.37198083734024623,-0.762925455613866,0.5124726594862035
343,-0.6024276417954508,0.1607607169197316,-2.394855809684681
344,-0.4243174236907352,0.916888450104667,-3.235395901756137
345,-0.8259740970164551,-0.950798729120057,-1.0797461361408542
346,-0.703515497789281,-0.3593894725453899,-1.4262057451065633
347,0.9448501598757371,0.7216993303383814,0.21961605689100216
348,0.2892581204604505,-0.01859249654554196,-0.1980730549611669
349,0.8186381630967139,-0.9515472601414914,0.2403710532841158
350,-0.8354284003946144,0.3957548174408134,1.0494648214194222
351,0.28348983268759365,0.5981860998142734,1.203785692772891
352,-0.3115372323586505,-0.2212679616280111,-0.5547455590875536
353,0.2915287630681165,0.5060456566937421,2.465977286715792
354,-0.7767245863747501,-0.01908333126672468,0.23007345678708513
355,0.3317658065628313,0.47142629070281217,3.03212826145932
356,-0.5771011637815444,-0.4863005854226494,-1.3243318690976758
357,-0.8532172139576679,-0.013785201121522928,0.9842915570783801
358,-0.6581961839436556,0.07138983224281903,-3.0690228385414553
359,0.10782421822899191,-0.6993054127522906,-0.32922050106357514
360,0.4958834608987486,-0.2488664728681762,0.9524002131980835
361,-0.06140615511043346,0.9292717842998617,1.3145294115692183
362,-0.19568772084682196,-0.5027387270432846,0.29663378950362307
363,-0.020618302009747902,-0.7127530636479469,-1.3821451586531974
364,-0.12707172906632258,-0.9674648378761752,-2.4390893045747797
365,0.9023139794034303,-0.3513339100296835,-0.6425818154614565
366,0.3417130687056915,-0.5003210913384997,1.1252259342383912
367,-0.9825732342411035,-0.77159348230602,0.8624972508417046
368,0.8723297639301746,0.13195176906406592,-0.34305817878019595
369,0.40519954420490345,-0.49243948709597185,1.284489798508798
370,-0.041174598380873784,0.9097860657452856,1.5313615194972952
371,-0.8122722210135789,-0.2562600820149672,-1.9479525325188858
372,0.49646835781757503,0.7018215204377158,3.211271958012643
373,0.842129905658257,0.4532340465653455,0.6039881898004797
374,0.19554817751921516,0.39622710507760206,1.3018006559807034
375,-0.10961386212245716,-0.8200769132691288,-0.7482996693279955
376,-0.08348745454780548,0.1631121679556662,1.1619691851729228
377,0.8732503046356515,-0.35606385511847183,-0.8295812294336684
378,0.5535941066963657,-0.5722590784274448,1.4349488470861755
379,-0.3723423339618719,0.868535421059071,-1.5632464004399822
380,0.7683962039405978,-0.7294753756522809,0.19831996415838915
381,-0.8237426620631363,0.2844032551999014,0.4309832449013721
382,0.19657350247814187,0.010892556733285597,0.2012640102017077
383,0.8757534381927925,0.9030796210179846,1.5792222822777522
384,-0.6105725702816531,-0.16211975493896125,-1.0181323132302151
385,0.5945664945212181,-0.2992468388878706,1.2880071668113513
386,0.05781369335002862,0.7020997670261464,0.2150332921455841
387,-0.6219606593606901,0.280626782671743,-0.510690785754551
388,0.4313749596722407,0.720063200911325,2.042400683862976
389,0.06731663726608295,-0.44890567342687815,0.2659641128688027
390,0.8282496110098141,-0.487265570887786,2.0254136408387997
391,-0.8946271926713185,-0.89813297489447,-2.5557060881918607
392,0.6434960847940239,-0.2500785859972059,-0.5523344338827507
393,0.11859415999743428,-0.9433501883926725,-1.3914133038167606
394,0.40234354266365857,0.7732010387803243,2.7550029569138617
395,0.005475532843253861,-0.39103272349117457,0.6419889364489735
396,0.02196118938402014,-0.8285385366337705,-0.27773675309197565
397,0.9067636606076841,0.1796944391037416,-0.014457150345314584
398,-0.9020527120266506,0.25347977230201635,-1.3706279321987844
399,-0.15094640001386184,0.7286522567224196,-0.6185318771987951
400,0.6292045198728378,-0.6771353990619453,0.20068180656856843
401,-0.6671437055447775,-0.12527355639313686,-1.3766616957550186
402,-0.15301395398244377,0.05593810714623837,-0.27409982391889226
403,-0.37715119973375977,-0.3679158692350901,-1.9587105327677348
404,0.5626549597782358,0.4000685213088677,2.8121777309873
405,0.27959965842980417,0.4708177417572814,1.6754092002002696
406,-0.008593933027756018,-0.9180861238742832,-0.41639686764655093
407,-0.6757967555579327,-0.5526038381614378,-1.91897067063142
408,0.3386666368948521,0.7245393380142933,4.361751767430466
409,-0.10637062389821583,0.32182430178918997,0.8292676701789365
410,-0.6631839565053108,0.6763926762098005,-1.2616544114660477
411,0.854029501476244,0.10714798648785062,0.33683083489350757
412,-0.48399229167632485,-0.03687310593460258,-3.6342862170464865
413,-0.8388523868055051,-0.24232804817651754,0.7205525882125114
414,-0.40875525568332893,0.3976199804846563,-0.9257237663252154
415,0.39823347981454327,-0.09175755652835149,0.504631861297731
416,0.20615577258728135,-0.5251821408752273,1.3168960693402663
417,-0.9030231752651194,-0.8972955616454033,1.1610329366369894
418,-0.7456094767987103,-0.5094612831871737,-1.3561016874812784
419,0.6144409506923869,0.1709457899985396,2.1183258165416294
420,-0.18442780998557207,-0.5799082280855896,-0.8991171312430088
421,-0.17336173965326007,0.910026421375455,0.09654111403777996
422,0.017393678123519107,-0.693969816034181,0.27181271519506434
423,-0.4463652228393591,-0.00410949615359435,-0.6578713938434426
424,0.5150410234248879,-0.5215713849406314,0.3262579265718706
425,0.40368990017094997,0.555721608499335,1.9159508547598476
426,0.8138806846838942,-0.8317309405175395,-1.414105028695774
427,0.4150269510425473,0.0778808129537687,1.2011587381827982
428,-0.351562180227732,-0.33323537257804037,-1.6646360235211386
429,0.7792165126433683,0.4352167433504073,2.9246498277035684
430,-0.6051275594869205,0.9873733628279575,0.07593453227810576
431,-0.16010159618442765,0.03744696138176762,-1.4444131818780788
432,0.22801754949546682,-0.3873327131426776,1.7893866026468348
433,0.03743986459123616,0.8620308263723546,1.6071245910289942
434,-0.08848488454407577,-0.6449954561914293,0.6704084437367047
435,-0.5983181832393554,0.5758314759236909,-1.1234999699386723
436,-0.6496267515761951,-0.9016471218807083,-2.006039784990366
437,-0.5695531448108442,-0.49114420335903364,-2.482580198994622
438,0.9793388276193684,-0.8887733279754255,-2.341093033303345
439,0.9656352100499455,0.5033094545031032,-0.09336399026220699
440,0.0690997206267876,-0.4207741770887319,0.5594098156850986
441,0.3469111680089765,-0.29743863661058234,3.2143138136295457
442,0.1850896821499528,0.6282757686300988,1.3708064265171078
443,-0.6832887653024069,-0.1400845016734693,-1.0071619470694044
444,-0.21159898389151044,-0.9644307905428806,0.25389903477318354
445,-0.8924996353632657,0.15899047255661425,-1.376917882864142
446,-0.2762689033094894,-0.956818158876344,-0.6316782621749106
447,0.7157162937188295,-0.6467258402622647,-0.9547701953696262
448,-0.3401502349426564,-0.011073308832581619,-2.028294853876075
449,0.6585121482671548,0.651363648923972,3.6670625657096787
450,0.8842147109919831,-0.3778264713586259,1.8002550001468234
451,-0.7145383239109653,0.7109239573531709,-1.2649269354106838
452,-0.8194392613011106,0.9685630987527356,-2.050865406303541
453,0.755019818294784,-0.09070972537356292,0.5521477826470045
454,-0.3743661911057581,0.9457478414286138,1.514480299719724
455,0.01688784526926601,0.3456313854362345,0.2074818134094289
456,-0.730091523078026,-0.86033566549845,-1.177994719608553
457,-0.7935199151733925,0.3958729802749221,-0.8910054018652287
458,0.7015194454323825,0.784196531296889,4.07078619225005
459,0.9020032006943592,-0.04450440796165411,0.18752587511871843
460,-0.055512427273499254,0.8922580282370995,1.2390059782262572
461,-0.299727817499692,-0.6083060486195919,-0.4308459097746584
462,-0.1738038441131582,-0.7113095537753318,-2.061007183298888
463,-0.42521599767524076,-0.8598326807040824,-1.198552968897908
464,-0.9566431791346861,-0.9366111118132197,-1.7614917142291528
465,-0.7277810894990191,-0.6427596820649499,-1.46910233133371
466,-0.8204112616205967,-0.6314314633366236,-1.0352530768932366
467,0.9870604419789613,0.8490513959891435,1.4193592038271743
468,0.4638383466844487,0.1356755013529547,1.419012851400444
469,-0.9711442106347461,-0.6733474442494682,-2.0240467783589877
470,0.15689519432154486,-0.6163242869743935,0.34976508713561605
471,0.19883974368241164,-0.017784496533681304,1.834631246887248
472,0.07616761283694728,0.18636347134737807,0.22047788253188988
473,0.9589758797778645,0.7779315386858612,1.288582326913823
474,-0.6855157463637567,-0.13202247536257583,0.44777132337677106
475,-0.4802529666496762,0.49931505692756817,-2.2917644246327873
476,0.43623118168508346,-0.3530638706982323,2.8067391576985603
477,0.13071327769835794,0.3856522496942083,2.077131483347942
478,-0.41402532734750364,-0.9897663089545088,-2.1480113746723695
479,-0.9675075711774099,0.2388813782887138,-0.04233624133315857
480,-0.1972085043256464,-0.6978699321905326,-0.7319127317585646
481,-0.7180378458936507,0.2737120055282376,-1.796546086378155
482,0.218395358056243,-0.5167518351316354,-0.22494563289841168
483,-0.8547703955190891,0.3983764220795736,-0.44809245918344864
484,0.7454238129409096,-0.6068603701413562,-1.4007450147744613
485,-0.7017626499871221,-0.9654280086792786,-1.8983280658362922
486,0.3100420684776748,0.21408312223060633,0.25131584818915775
487,-0.5311758948469847,0.04031918890918318,-2.040912864951819
488,0.6660876921164689,-0.41325503473172387,0.1147174800610481
489,-0.8927789785117815,0.8611650287438384,-2.409226384653604
490,0.19883667787008252,-0.13997086668131176,-0.9811852712913544
491,-0.3824752695903728,0.49252718573601717,-1.6647384674602663
492,0.13032572811462173,0.5340302263095076,-0.3851949144292204
493,0.47633205761090625,-0.4395129417515964,0.7267654638756113
494,-0.030709752601468576,-0.8150842104679759,-2.182688231017524
495,0.6787370072704288,-0.6469903573195335,0.2962146707384501
496,-0.22800934866684774,-0.6103337451332225,-3.8717711714250864
497,0.34453329923474474,0.7489743467706498,1.9695098793593742
498,-0.646738787355265,-0.2124789602001993,-0.28778360517222823
499,-0.33153393992702385,0.6122206103737087,-1.3612280779193835
500,-0.08634961117394369,-0.16050173557987057,-0.9392149570124284
501,-0.44904237099694777,0.5221463872010139,-0.7091373464558066
502,-0.5556230994451603,0.7591541770995736,-2.3086170231061356
503,0.5365221262267801,-0.4131451112669595,0.731279798375442
504,0.6699562314180916,0.09594958351400984,1.534452595133746
505,0.68092391738626,0.6512327005576137,3.790094163667961
506,-0.7819923891768112,-0.35881859099108304,0.7121476858626794
507,-0.6290159740902017,0.19128875037199666,-2.258732674833801
508,0.3333395288148986,-0.10910199122492603,0.5642701312990229
509,0.3694553363082931,-0.5790487816553522,1.189746396801194
510,-0.14523167970550133,-0.6953492468431541,0.4587995956163726
511,0.2559472353485095,0.5936624262827754,2.0197743500703447
512,0.9715154752248454,0.5712629031486394,1.7734962502389704
513,0.02821123297738981,-0.4607331121600162,-1.5796438511587576
514,-0.7712775603019997,0.17319162323555504,-1.3602621568175142
515,0.3386794135349456,0.12063412879467483,2.0176527991258038
516,-0.9628037018217892,-0.48921552894119724,0.5159411057021571
517,0.16739835101467726,0.14675022492270284,-0.7003873305497693
518,0.872912833465725,-0.6848722496093993,-0.09105792372503163
519,0.04165560970857296,0.9404316090329634,1.1780536010093021
520,0.13244483379483385,-0.11755102666661954,-1.0310064955857812
521,0.71148834308004,-0.8342732598342695,1.042972914967498
522,0.5519330325609191,0.04360265535235275,1.411741733257856
523,0.38556844107501376,0.4960830087504462,2.071731845308701
524,0.3819624254816607,0.5839640655339768,3.2092370322330552
525,0.5535896579796455,0.0642874389880439,1.5428123368915583
526,-0.4488769766556142,-0.29391083684525965,-3.5085676781891384
527,0.8756664803232475,0.15405914316183256,1.8063771955076706
528,0.7258161279577031,0.46645634751836584,0.9517459052955558
529,0.6440270375379906,0.019884447028980068,1.2856189657701618
530,-0.4503368676392434,-0.9610953557355173,-0.78331316398411
531,-0.9841601779930471,-0.3240544592416832,-0.5472318924717334
532,-0.8431734374996074,-0.21719318192094317,-1.0690465628940562
533,-0.15572765986086146,0.3423860414523976,0.31109383935323764
534,-0.051589376264877806,-0.7509916774828698,0.047890662850011534
535,0.6502513239271404,-0.36589970224587987,0.2456185353636019
536,0.5844596365542338,0.5349851744914895,2.2211935148806363
537,-0.33046220000996773,-0.2628639852170873,-0.8679386545132927
538,0.09292573711397334,0.6842117622519479,-1.2630586229675793
539,-0.6093978723064626,-0.36874628294295464,-1.6493220905702053
540,0.9852966799004086,-0.505740158778839,-0.7671133973553997
541,-0.8377359985007229,-0.3695378526856705,-0.15122192552647096
542,0.2505529720515325,0.1519761151210619,1.963836081051249
543,0.8922379989822042,0.8520409000557849,1.7983811000228682
544,-0.2346288143911488,-0.37617997567558104,-0.549164153283874
545,0.7550314787847128,0.891646769485694,0.4467918769771728
546,0.1589689064519677,-0.8981859502051905,-0.681221802655468
547,0.5392484375418396,-0.5474660141837946,1.3232881492564348
548,0.09549073418309151,-0.30471942231088955,-1.009365960781586
549,0.33975999182507954,0.5524555770026551,2.166322773629588
550,0.19013552329084304,-0.23659210559481325,1.7963075590325541
551,-0.059173698931350494,0.0034877628117069293,-2.292750298849039
552,0.08347809343018264,0.36241818850470153,-1.2875101781747342
553,0.9556309756748393,-0.7502917650681165,-0.3498351070281204
554,-0.8497727787858413,-0.5890106936245878,-1.9166692214385128
555,0.8110561883370544,0.5768407884092726,2.4321283534541687
556,0.7843783452956277,-0.8890489444364167,1.743591572376583
557,0.9629177760880674,-0.5975884843978643,0.7773283695618722
558,0.2856767306025183,0.13420837981080913,1.2448342565031283
559,0.4277400615750886,-0.53241784972789,0.963512007254546
560,-0.06435130807739498,0.6121975319266191,-0.5840052181127271
561,-0.9686455677865562,0.4978017244804107,-0.49158605000972655
562,0.6697290973315879,0.09711873653222547,0.5660081487143953
563,0.5409437132793664,0.7272749326732977,2.1566065829314396
564,0.7964628443246926,-0.44241174151893325,-0.4400842186429925
565,0.7647437870806115,0.6475630017036353,1.399422545655496
566,0.09820808501714606,0.8642998989252613,-0.46265727047831917
567,-0.34774281869784285,0.8298915461854728,-1.1160682971352696
568,0.4806608530616907,0.252485321368475,2.4145551013741335
569,0.8598104276088578,0.38432197665832746,0.8696976031790411
570,-0.8095025853429159,0.1317492782952121,-0.45994717321871104
571,0.4367061626593711,-0.18785502982340518,1.9181487488855007
572,-0.8910558282552439,-0.4836318434008533,1.3953980153508345
573,0.6303189694918998,0.4146282981218874,2.7750626776384584
574,0.5386682111364398,-0.07131451228289198,2.2518816291975154
575,-0.13488148960655,0.706774141466469,1.142765878262596
576,0.470573604880715,0.18970351265643925,1.4173805335892407
577,0.7365330522611666,0.8075515714820258,2.1431646790861003
578,-0.5732355276714205,-0.7321904345464725,-1.4349496032902458
579,0.6872808835312856,0.16027482759321998,2.8963432562996907
580,-0.24909859371827814,0.28662564994820827,-1.4231955215987746
581,0.9777736710203511,-0.6834945754752564,-1.950175677818205
582,-0.798622435114962,0.42385606984736857,0.31573452631582355
583,-0.2275795673667953,-0.16056297166726052,-1.4141313511238498
584,0.06525694046397135,-0.4532694446679575,-0.2137132448359907
585,-0.4038410149032834,-0.7465294701844767,-2.3301147478432096
586,-0.36261735807527096,-0.9552811369556848,-1.453220965179789
587,-0.8098853240405706,0.6743306843646848,0.44872173383805025
588,-0.9216170532824077,0.0990686896508548,-1.1294954595491769
589,0.8911740521543163,0.9847436775509097,0.9707183958758003
590,-0.7532599825030621,-0.02247040957877533,-0.4197231145260413
591,0.9309472776679952,0.19412005524767406,1.9355995563132735
592,0.8201859770147784,-0.3334298286303461,-0.49675406395555377
593,0.7944039450016205,-0.5406067975901689,0.5454063609725599
594,-0.8678745516015147,0.6676298998568222,-0.6323074027186785
595,-0.2232575450591685,-0.19127512180791517,-0.072420788765444
596,-0.2864922541983961,0.25589224537973343,-0.8368334458250124
597,-0.6422646671940773,0.9598541184357183,-2.9352046791364685
598,0.1674659281380153,-0.34993386258203985,1.0032762250269587
599,-0.9921839880314589,-0.2922192371512826,-2.4300885021928798
600,-0.9906920355612943,0.056253210919126495,-0.48040509200658266
601,0.11206718531350446,-0.5569018934171606,-1.2980424624118025
602,0.9687873379133447,0.2279461582201845,1.1864476444026462
603,0.05626444468229996,0.8934874884227106,-1.0894892757317423
604,0.411816917363669,0.6838731285744399,2.227424750892549
605,0.3842383864894734,-0.2618138873032474,0.7692011267435829
606,-0.6024363879689529,0.1551235371243045,-1.1750206159934664
607,0.9457682484677139,0.05457017017299148,-0.16187136934366725
608,-0.009068476796659564,0.17512642014056867,0.285513630310848
609,-0.47514155567892846,-0.6446672133079274,-0.1496197940154007
610,0.8237223211003655,0.6325848229754063,0.8950132403782719
611,0.7189618776141751,-0.6245169256357064,0.011299667664680213
612,-0.2844177824249734,-0.4484742693905195,-0.8200797402331765
613,-0.7016594091302484,-0.3489094829015782,-0.6022754704599709
614,-0.8213411904911947,0.5614171593924651,-0.8854228791828411
615,-0.07681496945720556,-0.5544712641464233,0.28171171317976795
616,0.007416600633252779,0.07365014684898852,0.7561978680172315
617,-0.1195635923972691,0.40399209863462304,0.27471758739726104
618,-0.974432359678918,-0.6616869181294847,-1.2554754286611662
619,-0.14993944125655334,-0.1575175470310124,-0.8748919237677233
620,0.800669236352856,0.797180081267451,2.5003769106095186
621,0.31986837724671324,0.8051685780478575,0.8049543092960725
622,-0.9347841295766572,0.771297451746535,-0.3442407968246439
623,-0.32524014689161374,-0.06230463591130175,-3.2165798174114997
624,-0.13941398113338832,-0.7210970305478943,-1.877054226126198
625,-0.8266519081190153,0.0552634056037824,-1.143476880262481
626,-0.13412992997732132,-0.12528515419737274,-0.1145913107790727
627,0.7803765090998771,0.7281564285102955,1.5838442518622902
628,-0.6573601289919118,-0.8404284984256072,-0.6410349728436638
629,0.1659301582862811,-0.3679977918124222,0.8796788618061331
630,-0.3789008367177489,-0.3918751184776952,-1.3866629072456105
631,-0.7509315642607142,-0.9249620655647421,-2.8661977747192164
632,0.4510933448309029,0.5064280365307054,0.6632996226619912
633,0.7187825091222297,-0.09971491455087622,0.8538238991037643
634,0.3272988754098596,0.41917665014690875,1.6361218195833858
635,0.6144748075908757,0.14879729783360496,2.3453904886545747
636,-0.6109573867945628,0.6347915579565293,-1.854730058882272
637,0.9669877059842023,0.8684471275240817,-0.2729582536917594
638,-0.23574342550618077,-0.18591620620162086,-1.1625983938195659
639,-0.832986828866406,-0.9124342656967186,-0.27056196157299284
640,-0.8689200713256826,-0.6638693012745516,-1.1721225154563482
641,0.17066693545471856,0.8953667870129411,2.3035876122571537
642,-0.8504470394146937,0.14671584313963582,-0.49026582325919876
643,-0.20109373782215512,0.32179488366433473,-2.753314025331517
644,0.8097924504127998,-0.8276709876300281,-1.6984309384186538
645,0.3693323249007774,-0.7799010303466178,0.5609225241224144
646,0.0200419308525972,-0.12205279486941789,-0.18659284869933537
647,0.19988126965832564,-0.9392712874130233,0.18949229724443817
648,0.43992441557110973,-0.07765313027640364,-0.2338059662011569
649,0.4413666043108566,0.6350515731307427,1.5300549829081713
650,-0.9685723735615535,0.16243915013845567,-0.8602028387829126
651,-0.4922963687111861,0.41048534469684506,-1.9291970005698797
652,-0.7955766643294986,-0.1977309269167178,0.3262178593630167
653,-0.8895635407464317,-0.8321096724385815,-0.3233071793497003
654,0.8065912050388968,-0.4649785618511175,0.8375022174568679
655,0.8119444195613559,-0.05066155996914623,2.1590749984751767
656,0.531440196431135,0.757929713606226,4.024866630861002
657,-0.2100534785353536,0.8835416058657231,-1.1963638582418927
658,-0.3696588614866536,0.0398543018296702,-2.1820799829601936
659,-0.6728740412385747,0.8964940879232175,-2.4022696324578607
660,-0.9956386050295949,0.8450977380864844,2.4823254427350823
661,-0.6679241364310797,-0.9300474845439015,-2.0912039865071166
662,0.8357242625987218,-0.8071893841758051,-1.7004102910465528
663,-0.6579166360001067,0.36226600794565966,0.6561315321626253
664,-0.30228402402507215,-0.2139611642639534,-0.7005827277538603
665,-0.7509558338279587,-0.23122720289087484,-0.1398049290171004
666,0.6594958266966098,0.7399388703323788,1.965126403897603
667,0.3002658529927802,-0.7467824252660784,1.1796954144441245
668,0.5944732626859146,-0.8223838857008186,0.30850896949339424
669,0.9380272948675503,-0.7848224242944855,-1.3209374025067517
670,-0.23548770104962702,0.7289543142841124,-2.436099062603541
671,-0.7359600946836802,0.9109005107641355,-0.34378308010991765
672,-0.9497913501798403,0.8869969375398628,0.13921747463324663
673,0.2601362664134532,-0.658686063805562,0.20470753254415336
674,-0.9003490436515496,0.6327702342699943,-0.12931203928480473
675,0.8790887309631878,-0.5867665937264233,-1.178542405936888
676,0.8569437662068538,0.8275083478604524,0.44665335427600494
677,0.327237502659095,0.32997788059347855,2.4801244275738745
678,-0.056990692416784894,0.16356659756736147,-0.5218323203788735
679,0.7790809737846034,-0.5605526623773245,0.8011689884160713
680,-0.538138939813354,0.5172798005634405,-1.4476612969407596
681,0.2969973934012111,-0.059282609105661965,2.1000323764765687
682,0.9802878950241245,0.23656310465897912,1.047669717187115
683,-0.5846033067624248,-0.8365966385094541,-0.9940746887492389
684,-0.9360987151176612,0.6609863775939366,-1.689105081555722
685,-0.24367668816897048,0.502339991131534,-1.0904496541490654
686,-0.3400350700593069,-0.5801177381574698,-0.4336037523150651
687,-0.8019737574848267,0.11563992912622667,0.12747096492913634
688,0.7901209647774055,-0.27352506300283963,0.6107239174886735
689,0.8170374621621008,-0.955101924820386,-0.30855012104323665
690,0.5100128527864443,0.5794144052527341,0.14111080538075682
691,-0.5396001750001966,0.009390914499102676,-1.1618460722708326
692,0.38882070552437775,-0.9654999124139605,-0.042774524838625316
693,0.8491697503232023,0.03518692246839161,0.14492471451950828
694,-0.518991232512181,0.625596027018164,-1.5513702829243483
695,-0.8302172858866188,0.4372038248477017,-2.1129944769647895
696,0.3347553728924222,0.2611533664505332,0.048034188997870375
697,0.25792989652261156,-0.026982592066221223,1.67980478824061
698,-0.6183073320336634,-0.6331166287472767,-1.7559702727062758
699,-0.5885895783734385,0.11021645151772264,-0.5803039763877589
700,0.3022908085098315,0.9313614194803059,0.1392235538737292
701,0.05290151960359735,0.23152827993941827,1.8369728157542644
702,-0.8511511457028769,-0.8140441479664171,0.283027982450866
703,-0.3305853126327205,0.3080714708406036,-2.2778036641339123
704,-0.34854796344550243,0.15517604569964982,-0.9174370096077276
705,0.8258149776410175,0.6106707599063692,2.9597540017407153
706,0.3886071364368564,0.5229297171121599,4.3343274818620845
707,-0.8525559367520972,0.8866077093820472,0.6516479122941878
708,0.5952388860895326,0.6316319741765293,0.6445341838007037
709,0.33844617872392213,0.25545071626647853,0.08890384403238838
710,0.9771093595747848,0.7693580160632765,1.8697095512213657
711,0.025069906475277737,-0.5640876307306124,-1.4831085278016851
712,-0.5269867082254631,-0.22200744520564974,-1.7902501578743915
713,-0.09209880779920576,-0.8357233115181137,-0.2753085924550155
714,-0.9542826961782047,-0.039599456742381856,-0.1196574350980793
715,0.8050637343289562,0.8770340336443205,0.5079186355715473
716,-0.07966613664305155,0.3890827182999623,0.7878540293956217
717,-0.7919777958067982,-0.8229897076291002,-0.6732123339704377
718,0.4474674587481069,-0.1700702620569965,1.6464063112524234
719,-0.9782147805358714,-0.39541877253312707,0.8407235106614469
720,-0.8847907231879304,0.806851562058736,-2.0696634285946582
721,0.7089171363382758,0.01786903827518249,1.0172602673970303
722,-0.9685052047275335,-0.9725899483319258,1.667448302909397
723,-0.29262251754819757,-0.4923383502537859,-1.7073929419629066
724,-0.8986150280151046,-0.0725442440510764,-0.1756109527355258
725,0.0156723500437006,0.20157589466026593,-1.0824018203152408
726,-0.9697048929848475,-0.9774934587524087,0.09524490891248005
727,-0.4867407914488877,-0.833722761074946,-1.4585875305510927
728,0.33848033817140943,0.8284949005749953,3.3957891347770843
729,-0.7275081411358268,-0.8676886376219117,-0.7731538936273465
730,0.1988147462890857,0.5272035482978952,2.7583919305046107
731,-0.194169229225585,0.7282275715825606,-0.8555392879620544
732,-0.542262206728847,0.4201875613941515,-2.1071421692844794
733,0.4825821076251424,0.5419891676031339,3.37252161261838
734,0.9794404798846192,-0.9435185581866985,-0.5574266592636345
735,0.30408505091360327,-0.5996021981849171,1.567916844067696
736,0.0287868894128247,0.9671044503658408,-1.087226035960176
737,-0.9974963896784834,-0.17885904802617403,1.2860329732621236
738,-0.4385900852736211,-0.30731152748533397,-0.14307860017934226
739,-0.37800677379463377,-0.884994036156286,-2.849971858141608
740,-0.8788958611962641,0.8243028688168179,-0.12655762436079132
741,-0.40105900265436034,0.004392834913718779,-2.67876711485667
742,-0.9838467269302358,0.5194030267209653,-2.088541189227838
743,-0.23217778156729363,-0.34399145249877305,-1.364604364174682
744,0.6607849630981291,-0.0173325000861011,2.850681957402823
745,0.6307365202819479,0.3466601014678512,3.2076062985024336
746,-0.12140383218478856,0.5665310502255712,0.4845993424051029
747,0.11846419320254853,-0.5890636448976247,-0.11409799978811175
748,-0.7037737391436836,-0.23555500553879893,-2.816620828709056
749,-0.7152901147153043,0.3437751479563591,-0.27054280851479096
750,0.31758352519915833,0.7029000650923187,2.6575279160799274
751,-0.7043110268029762,0.5406375182206431,-1.9050336503415584
752,-0.17161722995165007,-0.2989414163351021,0.09219786559584708
753,0.08981856845952829,0.20324867152239046,0.0327786039577882
754,-0.32880125646550096,-0.6450310214266064,-2.4913008320327488
755,0.33440192209277675,0.7616123955369729,1.9382026145027935
756,0.9832397509282149,0.5616655858820028,3.158457615201149
757,0.9019187510101592,-0.6337620360655447,1.6798276866194468
758,-0.4586633302168248,0.4790837010961779,-1.6874285890399787
759,-0.3492009425367242,-0.23671954855209387,-2.163809697746737
760,-0.9868412438125298,0.15323706091889733,-0.480358985545149
761,0.686026238911077,-0.22018544915516758,1.842982047617117
762,0.4657872885300698,0.3024644932885201,1.3622343629860059
763,0.19800667736321298,-0.08157879932914747,1.6099936017921705
764,-0.43228682836865606,-0.7528325781809648,-1.8330606674216599
765,-0.8949299011005898,0.08941476887751221,1.1601266156913534
766,0.9105608978062865,-0.2704944154490134,-0.4935128802469059
767,-0.36426576720791304,0.06418716791515666,-0.026946052103699936
768,-0.8629530752689345,0.9134145389155397,-0.8229629884019332
769,0.8797856840004088,-0.7611487399635126,-1.5407041527933238
770,0.17968927939794077,0.5401633801832233,1.7950457915001827
771,0.7501236089603152,0.9133868482310474,2.928199362140917
772,0.7508299043721742,0.041673328512563224,2.48383079046636
773,-0.581780846049039,0.21723645520463064,-1.9770835845442405
774,0.16965683316213553,-0.3201964819746952,-1.1078608473899085
775,-0.014916876958223302,0.8756377474922994,1.780066508535065
776,0.7234135789450618,-0.21495621524778885,-0.8605518017644188
777,-0.11276702639398595,0.06593837227467958,-1.3252501156673886
778,-0.7200263817221819,0.24223697017747559,-2.193306561814369
779,0.2310078819921686,0.16750752980587702,1.3553287138371242
780,0.5026864777476361,0.9911700914536268,3.808892378107413
781,0.9094880970982617,-0.8836111767222075,-1.552266752609399
782,-0.43107104010890196,0.008259490281976367,0.2884856591673959
783,-0.4689251422655045,0.9610708540263955,-1.4267629074034778
784,-0.8360028809088516,0.9139007143730755,-1.4183553537712763
785,0.2412302921767493,-0.6322132358603498,-0.6898255585713706
786,0.4678371577702156,0.03013196225360737,0.2206354604561407
787,0.27831140731315784,-0.4025072891104018,-0.03732582115541305
788,-0.3594118966233615,-0.18944873508374394,-0.7552258405171287
789,0.05916050989009336,-0.04713359683032525,0.06461853403840373
790,0.5376565169245244,-0.25807227102041774,0.7926003951458485
791,0.454251884208817,-0.242743092251283,2.6472786901730356
792,-0.646232504507553,0.43941937750041493,-1.2248446921897722
793,-0.7188824255027861,0.8708203545300413,-0.3440483034757803
794,0.34843836447867216,0.20748832918769988,1.5453912149116102
795,-0.39295659254672843,-0.049915313694193886,0.553418991262042
796,0.026880136721759484,-0.42288403184721757,0.2654710368204821
797,0.1259968866300385,0.873080065367158,-0.21445702308450443
798,-0.3135056763685562,0.8945312457555104,-2.186708185549064
799,0.7417503793892348,0.728849275146711,2.341661206480987
800,-0.6750875459780754,0.13245147758201514,-0.21874297577018598
801,0.5542972903960048,-0.8767601695779632,2.1075229325812908
802,0.9619732689368936,-0.41178093962708173,0.049298290508587805
803,-0.03402900014635546,-0.9020314533370721,-1.2198275346344594
804,0.5144793614879288,0.9330016554730842,1.9231455377493285
805,0.13516532611618137,-0.5159759896362373,0.30857834284993946
806,-0.8085404120897532,-0.2066723764238778,-1.5858380965988443
807,0.7378904492417233,0.35139743889200914,2.1894172507354974
808,0.8637636694091659,0.1689624149986344,-0.5786584572338722
809,-0.8117327153684855,-0.2593393066214862,-0.139612344735489
810,0.3150350147401597,-0.4502853510436149,2.3398907879055146
811,0.782081425290374,0.3328855320740287,-0.6355642599300666
812,-0.4767616544161746,0.1111594803178717,-3.3087594254609782
813,0.4385120496364867,-0.07270586750808317,2.8522656835933127
814,-0.6068249383820374,-0.7357605104815057,-1.7387964943017424
815,0.8648973208094122,-0.21947057619479127,-0.5921878425419917
816,0.99449404570886,-0.5530255589476258,-1.246826060798809
817,0.9635461758200772,0.9535138162694281,2.3907294356905195
818,-0.6094904944761703,0.07702534107860037,-0.7371532603462231
819,-0.9033072816718895,0.9898784515630139,1.4173408188465215
820,0.20915177820007114,0.41789233073900567,3.3172792351578235
821,0.43453418051397685,-0.4262881618703056,0.6872852489007256
822,0.5918285050208973,0.1231514213364211,0.20351594555241403
823,0.5911114503771435,-0.0006281866423401006,3.3733968353417474
824,0.15475610618398972,0.5261833968140466,1.0529666536242952
825,-0.13742102952898083,-0.7888200187373497,-1.8637418039138676
826,-0.4126051770982624,-0.5559467876254236,-0.8814197716830815
827,0.11228345195290568,-0.5144134150032771,-0.20696270103408182
828,-0.726337795651701,0.8973640531979181,-0.5216111990490819
829,-0.7292579268496977,-0.4160252095008865,-2.775383747923203
830,0.45237308944783217,0.4237029494900011,1.8245829663834159
831,-0.6112991363270299,-0.849471424713028,-2.6596521216771274
832,-0.39014414849380574,0.12972715750092578,-0.8017247632844677
833,0.22362559261122428,0.8705376650641374,3.634810155655286
834,-0.088614461842206,-0.6493211770774605,-1.8357080344935386
835,0.6739897809587592,-0.5106478379735713,0.25118592613032426
836,-0.9050584651252942,-0.15670059872697228,0.5596692880473485
837,-0.8329059972486612,-0.09936221572064041,0.7562649092207038
838,-0.596113070555343,0.34229752687542847,-2.739354981856433
839,-0.5734175389336567,-0.013702909197786939,-1.4911712184346946
840,0.6179938754235734,0.8116774362507946,1.3935047362738078
841,-0.6988936796608027,-0.773019929272774,-1.1631975931997773
842,0.26330438444532467,0.20320130512063628,0.3241021188202241
843,0.24316706986478898,0.6876311259864947,1.3433997534691628
844,-0.6199812649339569,0.9973492053350415,-0.8623660860441966
845,-0.4789338479106564,-0.020661062046574585,-1.7377204299821982
846,-0.5852626722817917,-0.5696161642178532,-0.7014497098407567
847,-0.6368771622881038,-0.21271601409544805,-1.6938725727431534
848,-0.19737832028514446,0.6158802136532102,0.339533697156165
849,0.07168219842314971,-0.42788716025327056,-1.3505380172126211
850,-0.3134613336062737,-0.16728777555476393,-1.9122457940168158
851,0.8658705900848969,-0.9493154382797304,-0.1793916441242427
852,-0.4534465972464725,0.7415154615591855,-2.3828645409024647
853,-0.6613318163995257,-0.5409300987250514,-1.317647383425912
854,0.9538373485617757,0.577090385211525,0.5326416576090522
855,0.12132148638381102,0.655677051565309,2.1720553832951204
856,0.6186479575454362,0.9675020421113916,3.5563216083598372
857,0.19297328622327825,0.9838049371484114,3.0536925195268307
858,-0.6842855843689803,-0.9186091426641214,-2.3825530424679697
859,0.48215910707556797,0.30075984549513146,0.8491595694992159
860,-0.6858006286544236,0.28165140312591075,-1.9317166258526353
861,0.8800492520494005,0.38685735872263693,2.194391082906117
862,0.24956829257273294,0.18430940050054567,0.765321266210631
863,0.09954313713778551,0.799068193653123,0.9109399437692703
864,0.29712487944263044,-0.9076335306918153,2.341762873630744
865,-0.28520401227708536,-0.36760306866549497,-1.5086286001352816
866,0.7915063678497722,-0.013679445562218229,-0.3792671241970377
867,0.06600962496101093,-0.8171727172685501,-0.2619547593790052
868,-0.6116771129846725,0.5865861419513521,-3.3333656641454716
869,0.0543189644077644,-0.7453334933401332,-1.4378192530837692
870,0.577665694679308,-0.9589713864291889,0.5757066860680093
871,0.13878071901458733,-0.6306283597573743,-0.6968633280447856
872,0.5660545029878545,-0.05207945701569261,0.4548008696869129
873,-0.5944814144658146,-0.34967907236078943,-1.905027958089517
874,0.7828254943741524,0.09142335282251213,1.3052476077491264
875,0.39954381523404936,-0.10344967401580574,0.261907704771156
876,0.055550251796322225,0.20465055071545235,1.3061685013235358
877,0.09831267630149543,-0.6229732595216881,-0.36595013406758725
878,-0.45296278807076384,-0.054007318135431914,-0.039711755812626315
879,0.3022146444081186,-0.2768814940971098,-0.3066270868751553
880,-0.24453271036078061,0.8464002661143086,-1.6524082172623205
881,-0.6389510902659028,-0.4541866962253016,-2.4990520976253956
882,-0.3155883039386074,-0.813939399621775,-1.918167590452044
883,-0.04536828634816481,0.2973573857745402,-0.3947221125402576
884,-0.6296468978280216,-0.2143378248888428,-2.884712591817382
885,0.3218502260079319,-0.3619718587672047,1.1095929185955278
886,-0.48340011407051153,-0.053824735799509416,-0.693015572119117
887,0.8659254808835315,0.8320225024205838,1.6095152590903588
888,-0.5330030398923,-0.436096278123024,-0.9235941900204561
889,-0.8321930049587314,0.5333491518603297,0.013288490071860837
890,0.6200829531016678,0.8440710093834805,3.1417459335285582
891,0.011441609561139154,-0.029142281137477077,-0.961536400222885
892,-0.535778106275443,-0.7081151435966375,-2.2049094185892786
893,0.5835627106090016,-0.17422658540010127,1.0376745738438506
894,-0.20313026606799522,-0.13227049793799028,1.228719065014771
895,0.17629114132862256,0.07186671326997485,1.9501398555308607
896,-0.25203890037657595,0.14751836469041013,-0.799081951355818
897,-0.9722026298349082,0.0926005737424358,-0.3540578764444944
898,-0.7865504991664478,-0.6150327043641592,0.042016928731069214
899,-0.8893408485087382,0.7649078295439999,-0.22723955277483607
900,-0.9677246180437247,-0.4901267304475285,-0.03652769918618147
901,0.5467105818858948,0.6790926883370654,2.2572217456087147
902,0.46650274814114434,0.18390595766638507,2.289463488976597
903,-0.3225377273902643,-0.7217479697704257,-1.7338033559051365
904,-0.6320053236940046,0.8442200221851279,-1.3315847510477474
905,0.08296038902377179,-0.6066463082241063,-0.18380033001049453
906,0.03741696537845374,0.10748190567169513,1.2133502060285681
907,0.9196621678789028,-0.9169082957197903,-0.9299796547916821
908,-0.18222213364035644,-0.40248290148263255,-1.6724277627277344
909,-0.5361394883795418,0.9135119635837681,-0.06783250123109763
910,0.2632176565472857,-0.001596388256012382,0.8223649385441647
911,0.04920238650783526,0.804031898395567,0.22905426976127952
912,0.8945943326494477,0.805869071037532,2.7806133900662635
913,0.725634602739051,-0.8703268327638265,-0.873476840884758
914,0.4204287943985916,0.36253159325316875,0.9911646449025567
915,0.29872863974928343,-0.6624253037053134,-0.7353212773016068
916,0.5948579509698888,0.38990437745635975,1.978716217684171
917,-0.27190426654608335,0.5111672194216892,0.47179124598515787
918,-0.34448939870821293,-0.6464256925524776,-1.8139655950744324
919,0.41106219280607403,0.3223185326059268,2.294886225437927
920,-0.9054088312055755,0.726834392452951,-0.14388528933156042
921,-0.9316862684451628,0.5166808226123714,1.140534246372215
922,0.4769544391266116,0.21507866140498066,0.17881991165701172
923,0.8692213633932417,0.09394768392748332,2.4487697704260927
924,-0.4644828172298141,0.15087723922782303,-0.4414641985577089
925,0.8218687784995633,0.32167348103380156,0.06148022157871624
926,0.5945324718911096,0.8213301725170368,1.5479021574131089
927,0.3190830432167313,-0.3492817926716574,-0.15731015428172346
928,0.7834105551041626,-0.2873519565992617,2.2737456022978213
929,-0.9795514693257621,-0.2787943158085884,-1.1884886622009803
930,-0.3455246215515715,0.19910649763189103,-1.2965299005264914
931,0.9686387730984276,-0.7973529177147112,-1.8666721622736961
932,0.4563656264652012,-0.05539893962092224,0.14222959143424774
933,-0.8842181044445909,-0.8528315869685454,-0.062136859968652924
934,-0.9169839760552665,-0.7483865865701333,-1.6901348504521834
935,-0.8966249924725189,0.6134780105046211,-0.3034878710005755
936,-0.85009932150897,-0.7214600668964237,-2.4347814984908345
937,0.7494846521201959,0.2081128694530774,0.4883974174290975
938,-0.6649537896085311,0.3565518800164158,-1.9572494018794944
939,0.12084620354483233,0.14919023159881983,-0.8652918043006513
940,0.9019975105186042,-0.05679122081624044,0.6075625050223512
941,0.11911188169404419,-0.24928751264644977,0.9385908448382024
942,0.3478092686693164,0.14850571838111137,1.5631033431691077
943,0.19587726873317912,-0.7358537526630431,-1.1856814462261915
944,-0.8247349628067744,-0.46572557733456454,-0.33402645032058287
945,0.8832162764596365,-0.5423102100779218,-2.172373071889949
946,0.3337846528675765,0.0636297643787127,1.4870652819576031
947,0.40195329262180235,0.7018075838506024,2.2681767146542144
948,-0.6702671679024252,-0.30202444690899966,0.052517064687910286
949,-0.6498619991444261,0.6251119351201937,-2.5980858170167496
950,0.48170890423919976,0.16397977048204648,2.116167072208399
951,-0.15352439135017026,0.6698920058643969,-0.40358989059828626
952,0.9402861706419212,0.9717039577714774,0.9511799486490093
953,0.6973501349769489,-0.6105693581063123,2.327145224729871
954,-0.7801689406172645,-0.8717868829966058,-0.6699054350722342
955,-0.5750171316071573,0.05748091201858352,-3.4962740134259374
956,-0.9925554725336081,0.6880777129032127,1.2214949639400698
957,0.9572451279347889,-0.9604982441486438,-2.4009860185555256
958,0.5447808517651274,0.09189367569288964,1.2520141936038274
959,-0.41241389710964427,0.16060881056441412,-1.0735365957718284
960,0.15792292398454078,-0.19620150206315357,2.3662723589224472
961,-0.7239114431395814,-0.24710578571196162,-0.4720706524555227
962,0.2730755261595297,0.4301757099952255,1.28257022027438
963,0.5399690615969153,-0.23123689090449684,0.4490286548554009
964,-0.47584820078934786,0.5875474953459394,-2.1315530301045844
965,0.9670809759506032,0.9217487415634107,1.609033235628499
966,-0.09407491104737309,0.07709034932420389,1.0508456595751392
967,0.43004528887749793,-0.39069360140110887,-0.28410805994687194
968,-0.22849197163431323,0.6893670749661946,0.3311950744477251
969,0.6189331574445931,-0.3565903647412292,1.9376492206861073
970,0.5190753911510737,0.7968068118383218,1.617658436645329
971,-0.7029544512996562,0.8700234964228168,0.8635977966720102
972,0.05019852077739562,-0.42983195514759465,-1.312032891749352
973,0.10863860318033791,0.5865493094037251,-0.23254033328193602
974,-0.1992618199162841,-0.86992706581362,-2.5482807412641
975,-0.5687313603752291,0.9015867738181051,-3.3455955443041097
976,-0.25996099749484647,0.1051781337810902,-1.5720702701608937
977,0.14848135289067832,0.2047693569939848,0.7163253082699245
978,0.6193579440415713,0.35389625799713076,2.3980950070767872
979,0.12953528166016093,-0.3342337626742218,0.6419720208566406
980,0.7895632595167452,0.8482088454587362,0.1711036475450991
981,-0.7652488719616148,0.9050663316392258,-2.03102281366893
982,0.873082266598852,-0.4378611867282425,0.3890034836278004
983,-0.017106580028679375,-0.45641853542168387,-0.8663641384887614
984,-0.5298430076291389,-0.25178928359867303,-1.6795702739712526
985,-0.5639737713896693,0.6304550831772677,-0.4752754862975326
986,-0.25192148174868056,0.4178817554947918,-1.2618487985594955
987,-0.4679680499594563,-0.6719990780106484,-2.02773585574488
988,-0.7669876144643846,-0.11275861678828569,-1.507085286477511
989,0.5132885803901657,0.39551930507420274,1.1759977426474715
990,-0.3197403690603069,0.02552502568202719,-1.6334328125503743
991,0.31491659896886226,-0.1923066580838828,3.7023206389770804
992,-0.8040209674943852,0.25932938330393474,-0.5355224276574864
993,-0.23823130371416767,0.02723467738451535,-1.047053919940901
994,-0.9362694929473414,-0.24206163746527953,1.6211964968353931
995,-0.7704676156386017,0.47622362968908716,-1.2989418462842484
996,-0.765977370749577,0.057655599167562244,-1.4720590646201257
997,0.5270741613935372,-0.653186193772374,0.37042070873809096
998,0.5748323188086015,0.3344219721506869,1.7345626875383446
999,0.7641743155669309,-0.709593361532479,-2.659731018715689
